delivery_id,group_order_id,vehicle_id,delivery_date,status,tracking_link
1,271,22,2025-04-07,in_transit,https://track.example.com/75d71dba
2,105,28,2025-02-12,scheduled,https://track.example.com/8d294693
3,393,19,2025-04-09,delivered,https://track.example.com/d8f42dfb
4,320,13,2025-06-19,delivered,https://track.example.com/41bf6c4d
5,342,12,2025-03-11,in_transit,https://track.example.com/b66bc426
6,293,19,2025-02-11,in_transit,https://track.example.com/281a08a2
7,108,28,2025-04-05,delivered,https://track.example.com/2043ac5c
8,22,7,2025-07-15,scheduled,https://track.example.com/0f6912cb
9,277,47,2025-06-07,in_transit,https://track.example.com/8c7454d1
10,374,43,2025-03-05,scheduled,https://track.example.com/92b0200f
11,145,28,2025-04-16,scheduled,https://track.example.com/3e815aa5
12,372,5,2025-01-18,scheduled,https://track.example.com/c5c17cd8
13,33,39,2025-06-08,delivered,https://track.example.com/4d9382f8
14,489,43,2025-07-22,scheduled,https://track.example.com/411ddeed
15,232,13,2025-02-23,scheduled,https://track.example.com/1bf38552
16,302,26,2025-05-09,in_transit,https://track.example.com/a93507dd
17,491,27,2025-02-08,scheduled,https://track.example.com/16cace46
18,39,29,2025-07-12,in_transit,https://track.example.com/6128ac4d
19,402,30,2025-07-05,scheduled,https://track.example.com/546e0cd6
20,137,46,2025-05-30,delivered,https://track.example.com/58ee3f11
21,398,33,2025-06-03,scheduled,https://track.example.com/3564f629
22,152,20,2025-03-09,scheduled,https://track.example.com/7d5f0522
23,283,41,2025-02-08,scheduled,https://track.example.com/c0779f2c
24,276,20,2025-02-01,in_transit,https://track.example.com/09de56ac
25,230,28,2025-01-26,scheduled,https://track.example.com/0dffdb2a
26,403,31,2025-05-30,in_transit,https://track.example.com/1dd9edd7
27,352,46,2025-02-02,delivered,https://track.example.com/55364e0f
28,61,47,2025-06-29,scheduled,https://track.example.com/1f140a8c
29,236,36,2025-03-26,scheduled,https://track.example.com/98cf705a
30,150,25,2025-02-12,scheduled,https://track.example.com/b6baa4d7
31,225,5,2025-04-04,delivered,https://track.example.com/c65c6a5f
32,176,41,2025-05-10,delivered,https://track.example.com/f3e72fb8
33,159,2,2025-01-28,delivered,https://track.example.com/1fbe4167
34,465,14,2025-05-02,delivered,https://track.example.com/42894b7f
35,203,22,2025-03-14,in_transit,https://track.example.com/bb361c71
36,204,42,2025-05-23,delivered,https://track.example.com/97d6ee28
37,206,28,2025-03-22,delivered,https://track.example.com/b92aa6f9
38,239,47,2025-01-07,delivered,https://track.example.com/52238669
39,161,22,2025-05-17,in_transit,https://track.example.com/05a098cd
40,403,36,2025-05-21,delivered,https://track.example.com/8f6e1166
41,24,27,2025-03-16,in_transit,https://track.example.com/e71a6cbd
42,344,36,2025-03-09,scheduled,https://track.example.com/0f441cdc
43,283,43,2025-02-09,in_transit,https://track.example.com/660cae74
44,228,42,2025-04-01,delivered,https://track.example.com/a75ffc98
45,268,35,2025-06-27,scheduled,https://track.example.com/cfbed0ef
46,17,49,2025-04-18,in_transit,https://track.example.com/16b8bf89
47,476,25,2025-07-15,delivered,https://track.example.com/02010062
48,79,8,2025-04-18,scheduled,https://track.example.com/81af04ec
49,178,28,2025-06-15,scheduled,https://track.example.com/cf2c9fc7
50,347,41,2025-03-05,delivered,https://track.example.com/46423ab1
51,117,26,2025-06-27,in_transit,https://track.example.com/4803b4cd
52,130,28,2025-06-09,in_transit,https://track.example.com/8426741d
53,222,23,2025-06-18,scheduled,https://track.example.com/66ac72a5
54,428,27,2025-06-26,in_transit,https://track.example.com/f5d652c6
55,259,2,2025-07-17,scheduled,https://track.example.com/f1314a06
56,471,5,2025-06-14,in_transit,https://track.example.com/cccc6bcf
57,24,33,2025-05-11,in_transit,https://track.example.com/a75baf37
58,474,30,2025-06-03,delivered,https://track.example.com/886398dc
59,259,3,2025-03-19,in_transit,https://track.example.com/80fd3a07
60,52,29,2025-03-20,delivered,https://track.example.com/ba44cddc
61,273,38,2025-02-05,scheduled,https://track.example.com/bd3c7995
62,214,15,2025-07-06,delivered,https://track.example.com/ba48c73e
63,173,41,2025-02-01,delivered,https://track.example.com/837664d9
64,317,22,2025-06-09,delivered,https://track.example.com/535afac4
65,98,34,2025-04-20,in_transit,https://track.example.com/7e89999f
66,200,16,2025-07-05,in_transit,https://track.example.com/b8440c9b
67,336,15,2025-02-24,in_transit,https://track.example.com/b3b6c181
68,474,29,2025-04-30,delivered,https://track.example.com/842d2632
69,138,20,2025-05-07,scheduled,https://track.example.com/52c23f17
70,457,20,2025-02-12,in_transit,https://track.example.com/3359245a
71,105,12,2025-05-31,scheduled,https://track.example.com/885d9823
72,433,32,2025-03-05,scheduled,https://track.example.com/8bddd5fc
73,93,6,2025-03-13,scheduled,https://track.example.com/09f14cbe
74,406,28,2025-05-17,in_transit,https://track.example.com/fb6bfba6
75,41,4,2025-02-08,delivered,https://track.example.com/5c4f2d86
76,440,30,2025-05-21,in_transit,https://track.example.com/1b5c3542
77,291,46,2025-05-06,in_transit,https://track.example.com/140017c7
78,279,22,2025-01-11,scheduled,https://track.example.com/42e418ca
79,293,2,2025-03-15,in_transit,https://track.example.com/6b17e93a
80,359,44,2025-03-06,in_transit,https://track.example.com/9728ca0b
81,107,32,2025-02-18,scheduled,https://track.example.com/c7b7319b
82,109,50,2025-07-01,delivered,https://track.example.com/a1e8e194
83,76,27,2025-05-18,in_transit,https://track.example.com/180e878b
84,10,15,2025-05-15,in_transit,https://track.example.com/f68c3540
85,75,13,2025-03-21,in_transit,https://track.example.com/f8d5180b
86,4,16,2025-02-09,scheduled,https://track.example.com/b3b661ff
87,146,5,2025-02-25,in_transit,https://track.example.com/cfc8bfe3
88,118,17,2025-03-11,in_transit,https://track.example.com/c9ff26dc
89,328,10,2025-01-13,scheduled,https://track.example.com/8393058f
90,268,3,2025-07-01,scheduled,https://track.example.com/9553decb
91,434,7,2025-02-09,delivered,https://track.example.com/0e3ce054
92,49,19,2025-02-27,in_transit,https://track.example.com/9167f00f
93,394,37,2025-05-22,in_transit,https://track.example.com/73a4a102
94,242,12,2025-01-06,scheduled,https://track.example.com/764abe4d
95,93,26,2025-05-29,in_transit,https://track.example.com/0d821cf6
96,478,24,2025-02-13,scheduled,https://track.example.com/f04064e8
97,216,1,2025-01-21,delivered,https://track.example.com/fc9feb36
98,415,15,2025-07-23,delivered,https://track.example.com/3a9405e7
99,421,13,2025-03-24,delivered,https://track.example.com/8f13d580
100,358,38,2025-01-13,in_transit,https://track.example.com/91bae9b6
101,139,47,2025-03-20,in_transit,https://track.example.com/ca034386
102,322,39,2025-04-27,in_transit,https://track.example.com/a51f506f
103,189,29,2025-04-27,delivered,https://track.example.com/e0078064
104,6,13,2025-04-03,scheduled,https://track.example.com/36f690c5
105,179,47,2025-04-26,delivered,https://track.example.com/916589e0
106,255,43,2025-06-30,scheduled,https://track.example.com/f50db384
107,251,16,2025-05-16,delivered,https://track.example.com/3c2725e4
108,250,49,2025-01-24,in_transit,https://track.example.com/324d0497
109,451,19,2025-01-17,delivered,https://track.example.com/7e37d22f
110,259,37,2025-05-16,in_transit,https://track.example.com/c5f1bdd2
111,483,43,2025-07-19,delivered,https://track.example.com/41c93309
112,483,34,2025-04-22,delivered,https://track.example.com/32dd5c4b
113,60,32,2025-07-14,in_transit,https://track.example.com/1d88f8d2
114,229,44,2025-07-19,scheduled,https://track.example.com/de2702ca
115,484,2,2025-04-22,in_transit,https://track.example.com/fb2aa469
116,394,49,2025-05-13,scheduled,https://track.example.com/39da4fd6
117,429,20,2025-07-19,in_transit,https://track.example.com/b22bc6a8
118,41,13,2025-04-01,delivered,https://track.example.com/1c1dd357
119,254,6,2025-06-10,delivered,https://track.example.com/90693ae7
120,120,38,2025-06-07,in_transit,https://track.example.com/8fb5f19e
121,391,7,2025-04-14,delivered,https://track.example.com/b7d5c1d3
122,60,43,2025-05-20,delivered,https://track.example.com/dca8171a
123,71,33,2025-01-01,in_transit,https://track.example.com/5ad3b728
124,389,31,2025-05-18,in_transit,https://track.example.com/7a154669
125,59,19,2025-01-20,in_transit,https://track.example.com/b91ad54c
126,486,40,2025-03-02,delivered,https://track.example.com/0be0f894
127,317,29,2025-06-03,delivered,https://track.example.com/d805cc4f
128,2,37,2025-05-01,in_transit,https://track.example.com/9faac672
129,326,45,2025-02-27,delivered,https://track.example.com/dec046b2
130,403,7,2025-02-07,in_transit,https://track.example.com/b8539aea
131,48,32,2025-03-05,in_transit,https://track.example.com/c4095afd
132,412,35,2025-06-15,in_transit,https://track.example.com/1e74e51b
133,182,19,2025-05-03,delivered,https://track.example.com/9a96d635
134,477,31,2025-01-26,in_transit,https://track.example.com/158584b9
135,470,27,2025-07-02,scheduled,https://track.example.com/4906b546
136,126,29,2025-05-20,scheduled,https://track.example.com/0025748d
137,315,41,2025-01-12,delivered,https://track.example.com/2cfbb649
138,316,46,2025-05-22,scheduled,https://track.example.com/d3858b4b
139,410,16,2025-03-30,in_transit,https://track.example.com/34b3a8a5
140,30,14,2025-02-28,in_transit,https://track.example.com/fd3be4de
141,335,38,2025-03-15,scheduled,https://track.example.com/053c4746
142,380,38,2025-02-20,scheduled,https://track.example.com/2e0719bd
143,64,5,2025-02-02,in_transit,https://track.example.com/a4a11941
144,358,11,2025-06-12,scheduled,https://track.example.com/ce136dbf
145,68,10,2025-07-06,in_transit,https://track.example.com/488299e0
146,98,46,2025-01-02,in_transit,https://track.example.com/e31f318a
147,41,38,2025-02-05,delivered,https://track.example.com/3a18152a
148,92,9,2025-04-30,delivered,https://track.example.com/177688aa
149,104,15,2025-04-11,in_transit,https://track.example.com/a023cc73
150,222,50,2025-06-14,delivered,https://track.example.com/24cfa4ef
151,106,24,2025-07-09,scheduled,https://track.example.com/7d023bd8
152,347,32,2025-02-08,delivered,https://track.example.com/60069427
153,434,11,2025-01-28,scheduled,https://track.example.com/c4ec4076
154,414,28,2025-07-02,in_transit,https://track.example.com/7328b32b
155,108,42,2025-03-03,scheduled,https://track.example.com/4f797ca6
156,463,6,2025-03-13,scheduled,https://track.example.com/bd15d919
157,232,6,2025-02-14,delivered,https://track.example.com/a1cd7a3f
158,213,21,2025-01-06,in_transit,https://track.example.com/bf939b7e
159,50,3,2025-02-18,in_transit,https://track.example.com/a6c8af09
160,433,12,2025-03-25,delivered,https://track.example.com/5aaac384
161,399,39,2025-01-31,delivered,https://track.example.com/14f6ab31
162,204,48,2025-06-07,delivered,https://track.example.com/7892f184
163,140,9,2025-05-21,in_transit,https://track.example.com/ef5711e8
164,359,27,2025-01-28,delivered,https://track.example.com/c52a1529
165,496,50,2025-05-12,in_transit,https://track.example.com/9a917671
166,451,32,2025-01-02,delivered,https://track.example.com/f5a15e49
167,438,30,2025-02-25,in_transit,https://track.example.com/e08e326f
168,142,14,2025-01-15,scheduled,https://track.example.com/1be4f57b
169,369,40,2025-03-15,scheduled,https://track.example.com/ebfa833b
170,407,22,2025-03-27,in_transit,https://track.example.com/3b796e8b
171,500,30,2025-06-01,delivered,https://track.example.com/90ba8785
172,431,42,2025-06-12,in_transit,https://track.example.com/0a2ed1c8
173,409,13,2025-01-13,scheduled,https://track.example.com/0538c4ae
174,148,19,2025-02-08,scheduled,https://track.example.com/b9f2bf4d
175,198,31,2025-03-12,scheduled,https://track.example.com/79914ab4
176,306,18,2025-01-31,delivered,https://track.example.com/37cd053d
177,72,31,2025-07-16,delivered,https://track.example.com/848f2882
178,123,2,2025-06-29,delivered,https://track.example.com/f6370c8a
179,146,3,2025-01-12,scheduled,https://track.example.com/62ea1377
180,24,39,2025-06-27,delivered,https://track.example.com/ac91d3da
181,231,2,2025-03-25,delivered,https://track.example.com/e5d07eee
182,178,36,2025-05-15,in_transit,https://track.example.com/6c3fb870
183,350,15,2025-01-16,in_transit,https://track.example.com/28fafa69
184,338,46,2025-03-10,delivered,https://track.example.com/2e0c656d
185,115,46,2025-01-10,scheduled,https://track.example.com/3e04f528
186,248,35,2025-04-03,scheduled,https://track.example.com/14ea999f
187,71,23,2025-01-06,scheduled,https://track.example.com/11a1cdeb
188,218,37,2025-02-28,delivered,https://track.example.com/3d07c03c
189,419,31,2025-06-14,in_transit,https://track.example.com/c9a93d2a
190,230,11,2025-04-05,in_transit,https://track.example.com/9f2567e2
191,378,42,2025-06-29,delivered,https://track.example.com/73d3a6fd
192,60,35,2025-03-07,scheduled,https://track.example.com/ac8fa673
193,161,50,2025-03-06,delivered,https://track.example.com/51ae2f85
194,212,42,2025-01-18,delivered,https://track.example.com/0cc7e17d
195,498,19,2025-01-12,in_transit,https://track.example.com/82da0186
196,422,26,2025-02-03,delivered,https://track.example.com/d75919cb
197,185,23,2025-05-22,in_transit,https://track.example.com/849c2bb1
198,344,27,2025-05-06,in_transit,https://track.example.com/e8982691
199,10,27,2025-02-08,in_transit,https://track.example.com/ec4c949a
200,137,40,2025-05-15,in_transit,https://track.example.com/582ba77f
201,156,23,2025-06-25,scheduled,https://track.example.com/9cc2c195
202,15,12,2025-07-13,in_transit,https://track.example.com/7963490f
203,496,34,2025-03-26,delivered,https://track.example.com/ee4dce4d
204,156,28,2025-06-23,in_transit,https://track.example.com/4613e208
205,402,3,2025-03-07,in_transit,https://track.example.com/aa0fbf50
206,200,46,2025-05-20,in_transit,https://track.example.com/c7a5a9a1
207,436,44,2025-05-20,delivered,https://track.example.com/89dd193f
208,488,37,2025-06-07,in_transit,https://track.example.com/eaee7916
209,157,42,2025-02-21,delivered,https://track.example.com/24e5f2f3
210,82,19,2025-01-16,in_transit,https://track.example.com/0015dd79
211,338,49,2025-05-16,delivered,https://track.example.com/69605ce3
212,283,23,2025-05-19,delivered,https://track.example.com/9e4b1e84
213,128,9,2025-06-06,delivered,https://track.example.com/1bca3b59
214,259,25,2025-01-14,delivered,https://track.example.com/7926cc21
215,414,42,2025-07-01,in_transit,https://track.example.com/20f54016
216,89,13,2025-01-11,scheduled,https://track.example.com/8767780c
217,427,9,2025-05-09,delivered,https://track.example.com/f699f2cb
218,137,2,2025-06-12,in_transit,https://track.example.com/69b901fc
219,54,15,2025-02-23,in_transit,https://track.example.com/8de2bb22
220,303,11,2025-05-18,in_transit,https://track.example.com/ed23570b
221,203,25,2025-01-16,scheduled,https://track.example.com/9845d380
222,315,26,2025-04-06,delivered,https://track.example.com/eb74c78e
223,444,38,2025-02-15,scheduled,https://track.example.com/0996d557
224,37,37,2025-03-04,delivered,https://track.example.com/c21543f3
225,176,14,2025-01-27,in_transit,https://track.example.com/8bf5c604
226,333,24,2025-06-23,delivered,https://track.example.com/8adfcb37
227,216,5,2025-06-05,delivered,https://track.example.com/19a73295
228,390,42,2025-03-10,in_transit,https://track.example.com/d6c54a35
229,200,12,2025-06-03,scheduled,https://track.example.com/8b4c5b82
230,347,44,2025-01-30,scheduled,https://track.example.com/85f1217a
231,448,49,2025-06-28,scheduled,https://track.example.com/db0944e5
232,353,41,2025-02-28,in_transit,https://track.example.com/77fd1ffd
233,101,6,2025-03-08,in_transit,https://track.example.com/70e9a4f9
234,13,15,2025-06-29,scheduled,https://track.example.com/3578eedb
235,200,21,2025-07-14,delivered,https://track.example.com/f7ea2668
236,139,36,2025-02-08,delivered,https://track.example.com/94a8c8c2
237,70,17,2025-03-27,in_transit,https://track.example.com/56903ae9
238,437,30,2025-03-20,scheduled,https://track.example.com/cb90cbc0
239,482,4,2025-04-08,scheduled,https://track.example.com/3a270c71
240,471,8,2025-02-07,scheduled,https://track.example.com/0dfbb9ea
241,309,50,2025-05-12,scheduled,https://track.example.com/397e31ec
242,466,25,2025-01-28,delivered,https://track.example.com/b17181be
243,130,32,2025-06-02,delivered,https://track.example.com/557c0249
244,210,25,2025-01-01,scheduled,https://track.example.com/ddc04e60
245,475,49,2025-04-14,in_transit,https://track.example.com/c6271873
246,115,19,2025-02-03,scheduled,https://track.example.com/6ba80a9b
247,341,50,2025-07-12,scheduled,https://track.example.com/cc8e6f77
248,275,36,2025-07-22,delivered,https://track.example.com/c0efa59b
249,436,20,2025-03-28,delivered,https://track.example.com/72607d64
250,266,20,2025-01-10,in_transit,https://track.example.com/46abc715
251,354,41,2025-07-06,delivered,https://track.example.com/eebc9cfc
252,384,5,2025-04-01,scheduled,https://track.example.com/46204ba3
253,407,3,2025-03-06,in_transit,https://track.example.com/81d6e838
254,275,48,2025-02-01,in_transit,https://track.example.com/a3b755ba
255,229,48,2025-04-27,in_transit,https://track.example.com/ce93bc6d
256,382,22,2025-02-12,scheduled,https://track.example.com/29605fd6
257,102,17,2025-04-04,scheduled,https://track.example.com/ce3de0e3
258,94,6,2025-02-27,in_transit,https://track.example.com/b78c98fd
259,409,17,2025-05-09,delivered,https://track.example.com/872e9599
260,93,14,2025-04-03,scheduled,https://track.example.com/d78558cd
261,339,40,2025-03-23,in_transit,https://track.example.com/437ccc6d
262,329,15,2025-01-30,scheduled,https://track.example.com/f6dd59ee
263,287,14,2025-01-29,delivered,https://track.example.com/97681711
264,393,2,2025-01-14,scheduled,https://track.example.com/01b770af
265,424,37,2025-03-01,in_transit,https://track.example.com/2b75e65d
266,328,20,2025-02-13,delivered,https://track.example.com/8113a7dc
267,7,39,2025-02-25,scheduled,https://track.example.com/3e04c4f7
268,62,14,2025-04-22,delivered,https://track.example.com/3ef31b68
269,448,50,2025-06-29,scheduled,https://track.example.com/28f86925
270,194,29,2025-02-07,delivered,https://track.example.com/09622c03
271,280,47,2025-02-06,in_transit,https://track.example.com/0317c141
272,394,21,2025-03-18,in_transit,https://track.example.com/91be2f96
273,275,7,2025-01-22,in_transit,https://track.example.com/3ea38d57
274,225,47,2025-04-07,in_transit,https://track.example.com/76d75c1a
275,470,18,2025-07-06,in_transit,https://track.example.com/f4581397
276,162,3,2025-03-10,in_transit,https://track.example.com/1ee70ea4
277,316,6,2025-04-11,in_transit,https://track.example.com/85242bd5
278,120,39,2025-05-01,in_transit,https://track.example.com/e1276d53
279,118,3,2025-06-23,delivered,https://track.example.com/5b0bdf11
280,310,5,2025-01-31,in_transit,https://track.example.com/831f8876
281,210,13,2025-07-04,delivered,https://track.example.com/44490ea4
282,72,35,2025-02-21,in_transit,https://track.example.com/2487dcec
283,204,23,2025-05-14,in_transit,https://track.example.com/a691c8ca
284,493,33,2025-02-12,in_transit,https://track.example.com/a1cfcf95
285,406,42,2025-06-01,in_transit,https://track.example.com/ae86aae0
286,403,11,2025-01-26,scheduled,https://track.example.com/71cccfcc
287,489,26,2025-07-05,scheduled,https://track.example.com/e072429b
288,16,50,2025-01-01,delivered,https://track.example.com/37ec2f1d
289,276,36,2025-05-25,scheduled,https://track.example.com/b1b2982b
290,184,13,2025-06-07,scheduled,https://track.example.com/7f399b2a
291,295,36,2025-07-16,delivered,https://track.example.com/89947552
292,284,1,2025-04-04,delivered,https://track.example.com/4df20136
293,239,5,2025-04-22,in_transit,https://track.example.com/d808aa06
294,78,16,2025-02-03,in_transit,https://track.example.com/0b253305
295,344,35,2025-06-22,scheduled,https://track.example.com/6e2ce279
296,263,45,2025-01-20,in_transit,https://track.example.com/a363f864
297,370,18,2025-02-05,scheduled,https://track.example.com/e1fdbb55
298,344,12,2025-06-06,scheduled,https://track.example.com/8a88ce69
299,63,23,2025-07-18,scheduled,https://track.example.com/a11bda16
300,402,31,2025-04-19,in_transit,https://track.example.com/fee37a81
301,344,26,2025-01-16,in_transit,https://track.example.com/546a3dd1
302,334,22,2025-06-01,in_transit,https://track.example.com/5616a1fc
303,428,48,2025-03-14,in_transit,https://track.example.com/fa4ee56b
304,286,45,2025-07-18,delivered,https://track.example.com/a7c9b6dd
305,367,43,2025-04-30,in_transit,https://track.example.com/5f01fe64
306,320,21,2025-05-07,scheduled,https://track.example.com/59a5812e
307,170,9,2025-04-28,delivered,https://track.example.com/387bdc89
308,103,42,2025-07-14,delivered,https://track.example.com/729a04d4
309,18,15,2025-07-01,in_transit,https://track.example.com/46f428a0
310,108,22,2025-05-27,in_transit,https://track.example.com/e46886e8
311,111,45,2025-04-14,delivered,https://track.example.com/1c7f96da
312,192,24,2025-04-06,in_transit,https://track.example.com/e1bfbc88
313,338,33,2025-02-02,scheduled,https://track.example.com/0d2d673a
314,375,5,2025-06-27,scheduled,https://track.example.com/04cdf8d5
315,20,17,2025-02-11,delivered,https://track.example.com/f669f571
316,251,26,2025-06-24,in_transit,https://track.example.com/95c3b2c9
317,198,6,2025-04-13,scheduled,https://track.example.com/a55e7442
318,340,33,2025-01-10,in_transit,https://track.example.com/ac36f9d7
319,396,16,2025-06-14,delivered,https://track.example.com/ad542ecd
320,385,19,2025-01-27,delivered,https://track.example.com/505655a2
321,486,19,2025-06-26,in_transit,https://track.example.com/a6220845
322,167,1,2025-07-23,in_transit,https://track.example.com/0deb2d1f
323,87,30,2025-02-21,delivered,https://track.example.com/48549e5d
324,188,25,2025-02-10,scheduled,https://track.example.com/543e3108
325,157,15,2025-05-09,delivered,https://track.example.com/a0e66f74
326,327,44,2025-05-20,delivered,https://track.example.com/7a23ccf5
327,259,42,2025-02-28,in_transit,https://track.example.com/a206117d
328,472,21,2025-01-03,scheduled,https://track.example.com/c25330ab
329,52,21,2025-02-21,scheduled,https://track.example.com/4e8cfb04
330,197,17,2025-03-20,in_transit,https://track.example.com/e25978c4
331,406,13,2025-02-17,delivered,https://track.example.com/8e24426c
332,159,22,2025-02-07,delivered,https://track.example.com/f0abebcc
333,470,45,2025-02-27,delivered,https://track.example.com/3699b3ed
334,85,17,2025-01-29,delivered,https://track.example.com/2768f5bf
335,290,43,2025-04-06,scheduled,https://track.example.com/f29f108f
336,274,40,2025-01-13,delivered,https://track.example.com/aa7699b6
337,460,46,2025-02-07,delivered,https://track.example.com/13ef8deb
338,179,41,2025-01-30,delivered,https://track.example.com/93a28507
339,271,5,2025-01-17,delivered,https://track.example.com/74ad85c8
340,10,19,2025-02-19,in_transit,https://track.example.com/8f6a23e1
341,231,35,2025-01-13,delivered,https://track.example.com/108dfadc
342,212,37,2025-03-23,delivered,https://track.example.com/3bbafcde
343,400,5,2025-05-04,in_transit,https://track.example.com/0bb75d04
344,178,39,2025-05-26,in_transit,https://track.example.com/d18439ac
345,387,36,2025-06-17,delivered,https://track.example.com/92d1120a
346,386,35,2025-07-02,scheduled,https://track.example.com/f6c127dc
347,104,7,2025-02-11,in_transit,https://track.example.com/5a601d5d
348,347,25,2025-04-06,delivered,https://track.example.com/c56f0f6a
349,203,45,2025-02-17,in_transit,https://track.example.com/c3fbad85
350,42,33,2025-06-13,delivered,https://track.example.com/49768edd
351,273,7,2025-07-19,delivered,https://track.example.com/e641c5ff
352,351,49,2025-05-13,delivered,https://track.example.com/48860433
353,411,16,2025-05-31,scheduled,https://track.example.com/f4b65fac
354,385,39,2025-07-19,in_transit,https://track.example.com/dccee0a8
355,170,46,2025-03-09,delivered,https://track.example.com/582e90e2
356,350,29,2025-04-08,delivered,https://track.example.com/0e3d33e2
357,47,4,2025-06-22,delivered,https://track.example.com/c99fc6b2
358,178,12,2025-04-04,in_transit,https://track.example.com/a86418f7
359,399,35,2025-06-25,delivered,https://track.example.com/c5e5f7a6
360,264,40,2025-04-24,in_transit,https://track.example.com/7c5553a4
361,37,2,2025-03-03,in_transit,https://track.example.com/f3ded104
362,364,9,2025-05-18,scheduled,https://track.example.com/c95bd4cd
363,32,42,2025-01-22,in_transit,https://track.example.com/ee0e0a42
364,117,25,2025-07-12,scheduled,https://track.example.com/ecde1bdd
365,22,27,2025-04-01,in_transit,https://track.example.com/f4f52f31
366,251,19,2025-06-29,scheduled,https://track.example.com/977807ef
367,259,42,2025-04-26,scheduled,https://track.example.com/eeda0328
368,150,31,2025-05-03,scheduled,https://track.example.com/2965c639
369,413,22,2025-06-19,in_transit,https://track.example.com/36dcfc00
370,73,36,2025-06-28,scheduled,https://track.example.com/16a1cbbc
371,81,3,2025-01-01,scheduled,https://track.example.com/22e94a35
372,14,40,2025-03-18,scheduled,https://track.example.com/5e0ddba9
373,22,46,2025-05-29,scheduled,https://track.example.com/38fac7ed
374,158,21,2025-05-14,in_transit,https://track.example.com/a5687794
375,399,21,2025-03-15,delivered,https://track.example.com/ff84c7bf
376,236,43,2025-06-21,delivered,https://track.example.com/e991b0ee
377,343,41,2025-07-15,scheduled,https://track.example.com/aed01866
378,385,7,2025-04-25,delivered,https://track.example.com/0f5196ca
379,463,47,2025-03-16,scheduled,https://track.example.com/6380da41
380,350,35,2025-03-18,delivered,https://track.example.com/0e7a2571
381,57,33,2025-02-27,scheduled,https://track.example.com/b2876d7e
382,211,44,2025-01-05,delivered,https://track.example.com/71a00b29
383,358,5,2025-03-24,delivered,https://track.example.com/e92040b1
384,89,15,2025-04-07,in_transit,https://track.example.com/148dcd9d
385,211,31,2025-07-09,delivered,https://track.example.com/85aad2c1
386,181,41,2025-05-16,in_transit,https://track.example.com/1968949d
387,276,34,2025-04-18,scheduled,https://track.example.com/4072b00b
388,8,34,2025-02-26,delivered,https://track.example.com/95edf637
389,290,6,2025-04-03,delivered,https://track.example.com/8c9305a1
390,388,32,2025-04-30,scheduled,https://track.example.com/5a168ae1
391,67,41,2025-03-11,delivered,https://track.example.com/1a1ade32
392,256,10,2025-07-24,scheduled,https://track.example.com/e749a835
393,380,27,2025-05-29,in_transit,https://track.example.com/932f4de7
394,40,11,2025-03-31,delivered,https://track.example.com/d0d62bdb
395,216,11,2025-03-13,delivered,https://track.example.com/dfb44d9f
396,390,18,2025-06-12,scheduled,https://track.example.com/d4a8de2b
397,313,9,2025-02-01,scheduled,https://track.example.com/ab04798d
398,12,18,2025-07-14,in_transit,https://track.example.com/84383012
399,347,35,2025-03-16,in_transit,https://track.example.com/9f1ff3f9
400,489,38,2025-02-13,scheduled,https://track.example.com/dd14f9c8
401,182,28,2025-03-13,scheduled,https://track.example.com/80fe73f5
402,69,13,2025-05-20,delivered,https://track.example.com/849505db
403,45,14,2025-05-23,scheduled,https://track.example.com/73492ea0
404,275,31,2025-02-11,scheduled,https://track.example.com/98746b06
405,429,40,2025-01-26,in_transit,https://track.example.com/4b91f30c
406,45,5,2025-01-21,in_transit,https://track.example.com/f9f00eea
407,160,31,2025-04-16,in_transit,https://track.example.com/d2d18622
408,468,48,2025-05-12,delivered,https://track.example.com/cbc75b40
409,262,46,2025-06-14,scheduled,https://track.example.com/d60250e7
410,205,31,2025-03-04,delivered,https://track.example.com/af89d111
411,348,24,2025-03-05,delivered,https://track.example.com/035c7aa5
412,398,49,2025-01-30,delivered,https://track.example.com/1ab84b15
413,311,1,2025-02-04,in_transit,https://track.example.com/72b04a22
414,39,50,2025-02-03,delivered,https://track.example.com/d5191de1
415,243,20,2025-06-14,delivered,https://track.example.com/ddc55947
416,138,38,2025-05-19,scheduled,https://track.example.com/e844096b
417,217,29,2025-02-08,scheduled,https://track.example.com/39ee640a
418,35,39,2025-07-02,scheduled,https://track.example.com/41acf3be
419,397,29,2025-02-22,scheduled,https://track.example.com/03dbb60c
420,452,3,2025-05-16,scheduled,https://track.example.com/6218305e
421,39,28,2025-07-22,delivered,https://track.example.com/9667c0e0
422,250,34,2025-03-12,delivered,https://track.example.com/d741920e
423,417,6,2025-01-31,scheduled,https://track.example.com/9cadabe2
424,78,44,2025-02-23,scheduled,https://track.example.com/8eff773c
425,484,49,2025-04-18,delivered,https://track.example.com/d12e6ed6
426,321,20,2025-03-08,in_transit,https://track.example.com/dcfe71a5
427,325,29,2025-01-07,scheduled,https://track.example.com/77d80232
428,197,37,2025-06-16,in_transit,https://track.example.com/961f3429
429,495,24,2025-05-30,scheduled,https://track.example.com/65a951de
430,237,29,2025-03-13,scheduled,https://track.example.com/e02964ec
431,31,19,2025-05-08,scheduled,https://track.example.com/3f129689
432,43,40,2025-01-26,scheduled,https://track.example.com/24f752ec
433,290,25,2025-05-02,scheduled,https://track.example.com/cbd1aa27
434,366,40,2025-03-26,in_transit,https://track.example.com/7fadd08d
435,386,26,2025-04-12,scheduled,https://track.example.com/5516ce3b
436,19,10,2025-04-06,scheduled,https://track.example.com/277faa01
437,249,11,2025-02-19,scheduled,https://track.example.com/1b69b5aa
438,77,5,2025-06-02,delivered,https://track.example.com/aa22e2b8
439,467,14,2025-06-17,delivered,https://track.example.com/15dbb204
440,27,36,2025-05-10,delivered,https://track.example.com/6b72710b
441,168,16,2025-06-02,delivered,https://track.example.com/0e5b2ea9
442,397,19,2025-05-16,delivered,https://track.example.com/d6e21380
443,471,17,2025-02-15,in_transit,https://track.example.com/77ef3870
444,80,40,2025-06-14,delivered,https://track.example.com/383aafee
445,169,44,2025-07-24,scheduled,https://track.example.com/31f49f75
446,153,11,2025-03-02,in_transit,https://track.example.com/c3bc3d1b
447,135,1,2025-06-22,delivered,https://track.example.com/ca329320
448,221,40,2025-01-15,scheduled,https://track.example.com/6317a2ca
449,45,29,2025-03-28,in_transit,https://track.example.com/31c01c93
450,204,14,2025-04-22,in_transit,https://track.example.com/eee8b451
451,299,35,2025-04-20,delivered,https://track.example.com/69f38e51
452,24,24,2025-03-21,delivered,https://track.example.com/3ba17af6
453,178,9,2025-01-11,scheduled,https://track.example.com/2f65f831
454,111,5,2025-06-22,in_transit,https://track.example.com/3e537252
455,171,16,2025-06-07,in_transit,https://track.example.com/8795f012
456,409,4,2025-07-05,scheduled,https://track.example.com/c208bd03
457,103,47,2025-03-25,scheduled,https://track.example.com/036fe86d
458,314,9,2025-06-14,delivered,https://track.example.com/487a867d
459,322,47,2025-02-17,scheduled,https://track.example.com/a21987d9
460,381,23,2025-05-30,in_transit,https://track.example.com/01f7a023
461,224,14,2025-05-05,delivered,https://track.example.com/a3c035b6
462,264,23,2025-02-20,in_transit,https://track.example.com/7303f65c
463,390,43,2025-06-28,delivered,https://track.example.com/08503ea1
464,488,8,2025-01-05,scheduled,https://track.example.com/5496fcde
465,153,35,2025-03-05,scheduled,https://track.example.com/c5d2c012
466,345,29,2025-01-31,scheduled,https://track.example.com/e0906d49
467,315,20,2025-06-09,in_transit,https://track.example.com/ee5be94d
468,61,50,2025-04-30,scheduled,https://track.example.com/f93509b1
469,91,5,2025-03-03,delivered,https://track.example.com/02621061
470,405,20,2025-04-12,in_transit,https://track.example.com/a88f2efc
471,313,38,2025-05-12,scheduled,https://track.example.com/8cfed8a1
472,97,6,2025-01-14,in_transit,https://track.example.com/e6700895
473,409,4,2025-02-16,in_transit,https://track.example.com/3fcce7c3
474,260,41,2025-04-04,delivered,https://track.example.com/64023928
475,225,33,2025-03-10,delivered,https://track.example.com/015e36c8
476,422,39,2025-03-31,scheduled,https://track.example.com/6a7fe791
477,480,33,2025-04-02,in_transit,https://track.example.com/dd84d154
478,490,47,2025-07-23,delivered,https://track.example.com/d4f51b90
479,340,37,2025-02-06,scheduled,https://track.example.com/da08e476
480,485,12,2025-07-23,in_transit,https://track.example.com/221a5462
481,233,19,2025-07-10,delivered,https://track.example.com/86aa0409
482,284,35,2025-05-25,scheduled,https://track.example.com/3cda1516
483,269,27,2025-02-24,scheduled,https://track.example.com/17fe8c81
484,257,17,2025-05-20,in_transit,https://track.example.com/0c636c87
485,320,18,2025-06-06,delivered,https://track.example.com/bd064865
486,173,46,2025-01-17,in_transit,https://track.example.com/b951b1d5
487,265,23,2025-01-07,in_transit,https://track.example.com/4fc7cf11
488,344,46,2025-06-04,scheduled,https://track.example.com/5285eb4d
489,205,33,2025-04-25,scheduled,https://track.example.com/948a9451
490,41,11,2025-03-20,scheduled,https://track.example.com/655fbe64
491,394,21,2025-02-21,in_transit,https://track.example.com/2d1ac63b
492,458,13,2025-03-30,delivered,https://track.example.com/2f190a9f
493,345,27,2025-05-05,in_transit,https://track.example.com/2d055a3d
494,17,24,2025-02-08,scheduled,https://track.example.com/8f66df36
495,211,14,2025-06-04,in_transit,https://track.example.com/b322bb53
496,144,3,2025-06-05,in_transit,https://track.example.com/baa000bf
497,185,50,2025-05-06,in_transit,https://track.example.com/8a33ef12
498,381,5,2025-04-16,scheduled,https://track.example.com/46174304
499,225,35,2025-03-10,scheduled,https://track.example.com/fe94fe3b
500,246,9,2025-05-26,in_transit,https://track.example.com/1f926865
